db,tokenish_columns
results/results_v5_5_v3fast_profiled1_r2.sqlite,max_tokens
results/results_v5_5_working6_suite.sqlite,max_tokens
results/results_v5_5_working6_profiled1_rep2.sqlite,max_tokens
results/results_v5_5_user_selected3_r2_v2.sqlite,max_tokens
results/results_v5_5_qwen_topup3.sqlite,max_tokens
results/results_v5_5_topup3models_r5.sqlite,max_tokens
results/results_v5_5_topup6_waveA_r5_seeded.sqlite,max_tokens
results/results_v5_5_topup3_waveB_r5_seeded.sqlite,max_tokens
results/results_v5_5_topup_remaining5_r5_seeded.sqlite,max_tokens
